flakkebjerg_id,vcf_name,accession_number,accession_name,data_code,flag,note,region,country,country_whole,yield,maturity_group,MG,seed_coat_colour
1,001A,NGB8029,Bråvalla,SBPA,NA,,WEU,Sw,Sweden,NA,NA,NA,G
2,002A,NGB8028,Fiskeby V,SBPA,NA,,WEU,Sw,Sweden,NA,NA,NA,Y
3,003A,NGB8030,Träff,SBPA,NA,,WEU,Sw,Sweden,NA,NA,NA,Y
4,004A,NGB23804,Fiskeby III,SBPA,NA,,WEU,Sw,Sweden,NA,NA,NA,Y
5,005A,NGB23805,Fiskeby IV,SBPA,NA,,WEU,Sw,Sweden,NA,NA,NA,Y
6,006A,NGB23806,Altonagård,SBPA,NA,,WEU,Sw,Sweden,NA,NA,NA,Bl
7,007A,NGB23807,Ugra Soja,SBPA,NA,,WEU,Sw,Sweden,NA,NA,NA,Br
12,012A,NGB8043,1268-39-4,SBPA,NA,,WEU,Sw,Sweden,NA,NA,NA,Y
13,013A,NGB8047,1274-26-3-1,SBPA,NA,,WEU,Sw,Sweden,NA,NA,NA,G
14,014A,NGB8065,1286-10-7,SBPA,NA,,WEU,Sw,Sweden,NA,NA,NA,Y
15,015A,NGB8155,1312-17-3-5,SBPA,NA,,WEU,Sw,Sweden,NA,NA,NA,G
16,016A,NGB8039,1220-498-3,SBPA,NA,,WEU,Sw,Sweden,NA,NA,NA,G
17,017A,NGB8071,1289-4-6,SBPA,NA,,WEU,Sw,Sweden,NA,NA,NA,G/Y
18,018A,NGB8080,1290-28-15-7,SBPA,NA,,WEU,Sw,Sweden,NA,NA,NA,G/Y
19,019A,NGB8087,1296-10-3,SBPA,NA,,WEU,Sw,Sweden,NA,NA,NA,Y
20,020A,NGB8153,1312-17-3-1,SBPA,NA,,WEU,Sw,Sweden,NA,NA,NA,G/Y
21,021A,NGB8106,1311-6-4,SBPA,NA,,WEU,Sw,Sweden,NA,NA,NA,G/Y
22,022A,NGB8157,1312-17-3-8,SBPA,NA,,WEU,Sw,Sweden,NA,NA,NA,G
23,023A,NGB8049,1274-26-17-7,SBPA,NA,,WEU,Sw,Sweden,NA,NA,NA,G
24,024A,NGB8163,1312-22-8-2,SBPA,NA,,WEU,Sw,Sweden,NA,NA,NA,Bl
25,025A,NGB8161,1312-21-9-6,SBPA,NA,,WEU,Sw,Sweden,NA,NA,NA,Bl
26,026A,NGB8144,1311-6-6-2,SBPA,NA,,WEU,Sw,Sweden,NA,NA,NA,G/Y
27,027A,NGB8051,1278-11-1,SBPA,NA,,WEU,Sw,Sweden,NA,NA,NA,Bl/G
28,028A,NGB8129,1308-7-2-1,SBPA,NA,,WEU,Sw,Sweden,NA,NA,NA,Br/Y
29,029A,NGB8061,1285-53-2,SBPA,NA,,WEU,Sw,Sweden,NA,NA,NA,Br/Y
30,030A,NGB8059,1285-8-4,SBPA,NA,,WEU,Sw,Sweden,NA,NA,NA,Y
31,031A,NGB8033,1196-26-43,SBPA,NA,,WEU,Sw,Sweden,NA,NA,NA,Y
32,032A,NGB8083,1291-35-15,SBPA,NA,,WEU,Sw,Sweden,NA,NA,NA,Y
33,033A,NGB8159,1312-21-1-4,SBPA,NA,,WEU,Sw,Sweden,NA,NA,NA,G/Y
34,034A,NGB8181,1358 (Bråvalla x Mc Call),SBPA,NA,,WEU,Sw,Sweden,NA,NA,NA,G
35,035A,NGB8115,Bråvalla-urval x Träff,SBPA,NA,,WEU,Sw,Sweden,NA,NA,NA,Y
36,036A,NGB8142,1311-6-3-4,SBPA,NA,,WEU,Sw,Sweden,NA,NA,NA,Br/Y
37,037A,NGB8123,1308-1-3-6,SBPA,NA,,WEU,Sw,Sweden,NA,NA,NA,Br/Y
38,038A,NGB8068,1287-3-4,SBPA,NA,,WEU,Sw,Sweden,NA,NA,NA,Y
39,039A,NGB8173,1352 (Träff x C 940-3-6),SBPA,NA,,WEU,Sw,Sweden,NA,NA,NA,G
40,040A,NGB8056,1285-6-4,SBPA,NA,,WEU,Sw,Sweden,NA,NA,NA,Br/Y
41,041A,NGB8113,1312-22,SBPA,NA,,WEU,Sw,Sweden,NA,NA,NA,Bl
42,042A,NGB8099,1308-5,SBPA,NA,,WEU,Sw,Sweden,NA,NA,NA,Br/Y
43,043A,NGB8175,1344 ( Träff x Maple Arrow),SBPA,NA,,WEU,Sw,Sweden,NA,NA,NA,Y
44,044A,NGB8032,1177-3-1-6,SBPA,NA,,WEU,Sw,Sweden,NA,NA,NA,Y
45,045A,NGB8064,1285-55-2,SBPA,NA,,WEU,Sw,Sweden,NA,NA,NA,Br/Y
46,046A,NGB8162,1312-21-9-10,SBPA,NA,,WEU,Sw,Sweden,NA,NA,NA,Bl
47,047A,NGB8073,1290-28-4-7,SBPA,NA,,WEU,Sw,Sweden,NA,NA,NA,Br/Y
48,048A,NGB8094,1301-14,SBPA,NA,,WEU,Sw,Sweden,NA,NA,NA,Y
49,049A,NGB8079,1290-28-7-9,SBPA,NA,,WEU,Sw,Sweden,NA,NA,NA,Br/Y
50,050A,NGB8091,1296-23-2,SBPA,NA,,WEU,Sw,Sweden,NA,NA,NA,Y
51,051A,NGB8164,1312-22-9-3,SBPA,NA,,WEU,Sw,Sweden,NA,NA,NA,Bl
52,052A,NGB8105,1310-13-8,SBPA,NA,,WEU,Sw,Sweden,NA,NA,NA,Br/Y
53,053A,NGB8176,1345 ( Träff x Mc Call),SBPA,NA,,WEU,Sw,Sweden,NA,NA,NA,Y
54,054A,NGB8149,1312-17-1-1,SBPA,NA,,WEU,Sw,Sweden,NA,NA,NA,G
55,055A,NGB8140,1311-3-2-3,SBPA,NA,,WEU,Sw,Sweden,NA,NA,NA,Br/Y
56,056A,NGB8145,1312-13-6-7,SBPA,NA,,WEU,Sw,Sweden,NA,NA,NA,G
57,057A,NGB8058,1285-8-2,SBPA,NA,,WEU,Sw,Sweden,NA,NA,NA,Y
58,058A,NGB8160,1312-21-1-5,SBPA,NA,,WEU,Sw,Sweden,NA,NA,NA,Y
59,059A,NGB8086,1296-3-8,SBPA,NA,,WEU,Sw,Sweden,NA,NA,NA,Y
60,060A,NGB8081,1290-28-16-4,SBPA,NA,,WEU,Sw,Sweden,NA,NA,NA,Br/Y
61,061A,NGB8057,1285-6-10,SBPA,NA,,WEU,Sw,Sweden,NA,NA,NA,Br/Y
62,062A,NGB8035,1209-46-5-10,SBPA,NA,,WEU,Sw,Sweden,NA,NA,NA,Y
63,063A,NGB8044,1268-39-9,SBPA,NA,,WEU,Sw,Sweden,NA,NA,NA,Y
65,065A,NGB8143,1311-6-6-1,SBPA,NA,,WEU,Sw,Sweden,NA,NA,NA,Br/Y
66,066A,NGB8052,1278-17-3,SBPA,NA,,WEU,Sw,Sweden,NA,NA,NA,G
67,067A,NGB8146,1312-13-8-4,SBPA,NA,,WEU,Sw,Sweden,NA,NA,NA,G
68,068A,NGB8141,1311-6-3-2,SBPA,NA,,WEU,Sw,Sweden,NA,NA,NA,Br/Y
69,069A,NGB8072,1290-28-4-2,SBPA,NA,,WEU,Sw,Sweden,NA,NA,NA,Br/Y
70,070A,NGB8126,1308-1-8-5,SBPA,NA,,WEU,Sw,Sweden,NA,NA,NA,Br/Y
71,071A,NGB8082,1291-35-6,SBPA,NA,,WEU,Sw,Sweden,NA,NA,NA,Y
72,072A,NGB8055,1282-59-13,SBPA,NA,,WEU,Sw,Sweden,NA,NA,NA,Br/Y
73,073A,NGB8046,1269-34-2,SBPA,NA,,WEU,Sw,Sweden,NA,NA,NA,Y
74,074A,NGB8089,1296-14-1,SBPA,NA,,WEU,Sw,Sweden,NA,NA,NA,Y
75,075A,NGB8114,1312-24,SBPA,NA,,WEU,Sw,Sweden,NA,NA,NA,G/Y
76,076A,NGB8101,1308-7-4,SBPA,NA,,WEU,Sw,Sweden,NA,NA,NA,Br/Y
77,077A,NGB8076,1290-28-6-4,SBPA,NA,,WEU,Sw,Sweden,NA,NA,NA,Br/Y
78,078A,NGB8172,1342 (C 873-8-7 x Fiskeby V),SBPA,NA,,WEU,Sw,Sweden,NA,NA,NA,Y
79,079A,NGB8075,1290-28-6-3,SBPA,NA,,WEU,Sw,Sweden,NA,NA,NA,Br/Y
80,080A,NGB8041,1262-29-11,SBPA,NA,,WEU,Sw,Sweden,NA,NA,NA,Y
81,081A,NGB8169,Fiskeby V x Gieso (population),SBPA,NA,,WEU,Sw,Sweden,NA,NA,NA,Y
82,082A,NGB8134,1310-1-6-5,SBPA,NA,,WEU,Sw,Sweden,NA,NA,NA,Y
83,083A,NGB8128,1308-5-8-6,SBPA,NA,,WEU,Sw,Sweden,NA,NA,NA,Br/Y
84,084A,NGB8168,1312-24-5-1,SBPA,NA,,WEU,Sw,Sweden,NA,NA,NA,G
85,085A,NGB8167,1312-24-1-6,SBPA,NA,,WEU,Sw,Sweden,NA,NA,NA,Y/G
86,086A,NGB8090,1296-21-6,SBPA,NA,,WEU,Sw,Sweden,NA,NA,NA,G
87,087A,NGB8074,1290-28-5-2,SBPA,NA,,WEU,Sw,Sweden,NA,NA,NA,Br/Y
88,088A,NGB8066,1286-17-7,SBPA,NA,,WEU,Sw,Sweden,NA,NA,NA,Y
89,089A,NGB8063,1285-53-8,SBPA,NA,,WEU,Sw,Sweden,NA,NA,NA,Br/Y
90,090A,NGB8050,1275-73-3,SBPA,NA,,WEU,Sw,Sweden,NA,NA,NA,Y/G
91,091A,NGB8170,Fiskeby V x Kita musume (population),SBPA,NA,,WEU,Sw,Sweden,NA,NA,NA,Y
92,092A,NGB8067,1287-2-10,SBPA,NA,,WEU,Sw,Sweden,NA,NA,NA,Y
93,093A,NGB8078,1290-28-7-6,SBPA,NA,,WEU,Sw,Sweden,NA,NA,NA,Br/Y
94,094A,NGB8139,1310-13-8-9,SBPA,NA,,WEU,Sw,Sweden,NA,NA,NA,Br/Y
95,095A,NGB8132,1308-9-3-4,SBPA,NA,,WEU,Sw,Sweden,NA,NA,NA,Br/Y
96,096A,NGB8131,1308-7-4-2,SBPA,NA,,WEU,Sw,Sweden,NA,NA,NA,Br/Y
97,097A,NGB8137,1310-2-7-1,SBPA,NA,,WEU,Sw,Sweden,NA,NA,NA,Y/Br
98,098A,NGB8111,1312-17-3,SBPA,NA,,WEU,Sw,Sweden,NA,NA,NA,Bl/G
99,099A,NGB8122,1308-1-3-4,SBPA,NA,,WEU,Sw,Sweden,NA,NA,NA,Br/Y
100,100A,NGB8116,C 940-2-9 x 990 (population),SBPA,NA,,WEU,Sw,Sweden,NA,NA,NA,Y/Br
101,101A,NGB8103,1308-23-9,SBPA,NA,,WEU,Sw,Sweden,NA,NA,NA,Y/Br
102,102A,NGB8117,1296-31-5,SBPA,NA,,WEU,Sw,Sweden,NA,NA,NA,G
103,103A,NGB8048,1274-26-17-4,SBPA,NA,,WEU,Sw,Sweden,NA,NA,NA,G
104,104A,NGB8124,1308-1-4-6,SBPA,NA,,WEU,Sw,Sweden,NA,NA,NA,Br/Y
105,105A,NGB8171,1341 (Fiskeby V x C 873-8-7),SBPA,NA,,WEU,Sw,Sweden,NA,NA,NA,Y
106,106A,NGB8097,1308-1-7,SBPA,NA,,WEU,Sw,Sweden,NA,NA,NA,Br/Y
107,107A,NGB8174,Ooyachi x Fiskeby V,SBPA,NA,,WEU,Sw,Sweden,NA,NA,NA,Y
108,108A,NGB8148,1312-16-6-4,SBPA,NA,,WEU,Sw,Sweden,NA,NA,NA,Bl
109,109A,NGB8121,1301-16-3,SBPA,NA,,WEU,Sw,Sweden,NA,NA,NA,Y
110,110A,NGB8102,1308-9-3,SBPA,NA,,WEU,Sw,Sweden,NA,NA,NA,Br/Y
111,111A,NGB8038,1220-118-23,SBPA,NA,,WEU,Sw,Sweden,NA,NA,NA,G
112,112A,NGB8062,1285-53-6,SBPA,NA,,WEU,Sw,Sweden,NA,NA,NA,Br/Y
113,113A,NGB8095,1307,SBPA,NA,,WEU,Sw,Sweden,NA,NA,NA,G/Y
114,114A,NGB8118,1297-20-2,SBPA,NA,,WEU,Sw,Sweden,NA,NA,NA,Br/Y
115,115A,NGB8084,1292-7-8,SBPA,NA,,WEU,Sw,Sweden,NA,NA,NA,Y
116,116A,NGB8127,1308-5-2-6,SBPA,NA,,WEU,Sw,Sweden,NA,NA,NA,Br/Y
117,117A,NGB8130,1308-7-4-1,SBPA,NA,,WEU,Sw,Sweden,NA,NA,NA,Br/Y
118,118A,NGB8135,1310-2-3-5,SBPA,NA,,WEU,Sw,Sweden,NA,NA,NA,G/Y
119,119A,NGB8077,1290-28-7-3,SBPA,NA,,WEU,Sw,Sweden,NA,NA,NA,Br/Y
120,120A,NGB8152,1312-17-2-6,SBPA,NA,,WEU,Sw,Sweden,NA,NA,NA,Bl/G
121,121A,NGB8125,1308-1-7-4,SBPA,NA,,WEU,Sw,Sweden,NA,NA,NA,NA
122,122A,NGB8182,1361 ((Bråvalla x Träff) x Maple Arrow),SBPA,NA,,WEU,Sw,Sweden,NA,NA,NA,NA
123,123A,NGB8098,1308-1-8,SBPA,NA,,WEU,Sw,Sweden,NA,NA,NA,NA
124,124A,NGB8110,1312-17-2,SBPA,NA,,WEU,Sw,Sweden,NA,NA,NA,NA
125,125A,NGB8119,1301-14-7,SBPA,NA,,WEU,Sw,Sweden,NA,NA,NA,NA
126,126A,NGB8069,1287-3-7,SBPA,NA,,WEU,Sw,Sweden,NA,NA,NA,NA
127,127A,NGB8060,1285-32-5,SBPA,NA,,WEU,Sw,Sweden,NA,NA,NA,NA
128,128A,NGB8178,1353 (C 940-3-6 x Träff),SBPA,NA,,WEU,Sw,Sweden,NA,NA,NA,NA
129,129A,NGB8034,990 (201-8-31-9 x 843-11),SBPA,NA,,WEU,Sw,Sweden,NA,NA,NA,NA
130,130A,NGB8104,1310-2-7,SBPA,NA,,WEU,Sw,Sweden,NA,NA,NA,NA
131,131A,NGB8151,1312-17-2-2,SBPA,NA,,WEU,Sw,Sweden,NA,NA,NA,NA
132,132A,NGB8156,1312-17-3-7,SBPA,NA,,WEU,Sw,Sweden,NA,NA,NA,NA
133,133A,NGB8112,1312-21-9,SBPA,NA,,WEU,Sw,Sweden,NA,NA,NA,NA
134,134A,NGB8136,1310-2-3-6,SBPA,NA,,WEU,Sw,Sweden,NA,NA,NA,NA
135,135A,NGB8150,1312-17-1-2,SBPA,NA,,WEU,Sw,Sweden,NA,NA,NA,NA
136,136A,NGB8070,1287-14-3-6,SBPA,NA,,WEU,Sw,Sweden,NA,NA,NA,NA
137,137A,NGB8036,1218-4-4,SBPA,NA,,WEU,Sw,Sweden,NA,NA,NA,NA
138,138A,NGB8158,1312-17-4-2,SBPA,NA,,WEU,Sw,Sweden,NA,NA,NA,NA
139,139A,NGB8037,1219-90-1-8,SBPA,NA,,WEU,Sw,Sweden,NA,NA,NA,NA
140,140A,NGB8166,1312-24-1-3,SBPA,NA,,WEU,Sw,Sweden,NA,NA,NA,NA
141,141A,NGB8165,1312-22-10-1,SBPA,NA,,WEU,Sw,Sweden,NA,NA,NA,NA
142,142A,NGB8085,1296-1-10,SBPA,NA,,WEU,Sw,Sweden,NA,NA,NA,NA
143,143A,NGB8054,1282-52-23,SBPA,NA,,WEU,Sw,Sweden,NA,NA,NA,NA
144,144A,NGB8107,1312-13-6,SBPA,NA,,WEU,Sw,Sweden,NA,NA,NA,NA
145,145A,NGB8138,1310-13-8-6,SBPA,NA,,WEU,Sw,Sweden,NA,NA,NA,NA
146,146A,NGB8040,1236-4-6,SBPA,NA,,WEU,Sw,Sweden,NA,NA,NA,NA
147,147A,NGB8045,1268-50-11,SBPA,NA,,WEU,Sw,Sweden,NA,NA,NA,NA
148,148A,NGB8042,1268-39-3,SBPA,NA,,WEU,Sw,Sweden,NA,NA,NA,NA
149,149A,NGB8053,1278-21-4,SBPA,NA,,WEU,Sw,Sweden,NA,NA,NA,NA
150,150A,NGB8154,1312-17-3-3,SBPA,NA,,WEU,Sw,Sweden,NA,NA,NA,NA
151,151A,NGB8092,1298-6-3,SBPA,NA,,WEU,Sw,Sweden,NA,NA,NA,NA
152,152A,NGB8133,1308-9-3-6,SBPA,NA,,WEU,Sw,Sweden,NA,NA,NA,NA
153,153A,NGB8088,1296-10-6,SBPA,NA,,WEU,Sw,Sweden,NA,NA,NA,NA
154,154A,NGB8100,1308-7,SBPA,NA,,WEU,Sw,Sweden,NA,NA,NA,NA
155,155A,NGB8109,1312-16-6,SBPA,NA,,WEU,Sw,Sweden,NA,NA,NA,NA
156,156A,NGB8093,1297,SBPA,NA,,WEU,Sw,Sweden,NA,NA,NA,NA
157,157A,NGB8096,1308-1-3,SBPA,NA,,WEU,Sw,Sweden,NA,NA,NA,NA
158,158A,NGB8120,1301-14-9,SBPA,NA,,WEU,Sw,Sweden,NA,NA,NA,NA
159,159A,NGB8147,1312-16-6-2,SBPA,NA,,WEU,Sw,Sweden,NA,NA,NA,NA
160,160A,NGB8108,1312-13-8,SBPA,NA,,WEU,Sw,Sweden,NA,NA,NA,NA
161,161A,FC30683,NA,CCA,NA,,CAN,Ca,Canada,1.26,0 – MATURITY GROUP 0,0,Br
162,162A,FC32033,Brown Derby No. 1,CCA,NA,,N,Un,Unknown,2.45,0 – MATURITY GROUP 0,0,Br
163,163A,PI68554,345,CCA,NA,,CHI,Ch,China,2.36,I – MATURITY GROUP I,I,Y
164,164A,PI69995,6802,CCA,NA,,CHI,Ch,China,2.62,III – MATURITY GROUP III,III,Y
165,165A,PI70520,8312,CCA,NA,,CHI,Ch,China,2.13,I – MATURITY GROUP I,I,Y
166,166A,PI79587,N251/1261,CCA,NA,,CHI,Ch,China,2.8,III – MATURITY GROUP III,III,Rbr/Br
167,167A,PI79617,N8,CCA,NA,,CHI,Ch,China,2.23,I – MATURITY GROUP I,I,Y
168,168A,PI79710,N140,CCA,NA,,CHI,Ch,China,2.59,III – MATURITY GROUP III,III,Rbr/Br
169,169A,PI79743,N20B,CCA,NA,,CHI,Ch,China,3.03,IV – MATURITY GROUP IV,IV,Lgn/Gr
170,170A,PI79756,N202/2,CCA,NA,,CHI,Ch,China,2.33,II – MATURITY GROUP II,II,Br
171,171A,PI79825,N154,CCA,NA,,CHI,Ch,China,0.88,VI – MATURITY GROUP VI,VI,Y
172,172A,PI79832,N184,CCA,NA,,CHI,Ch,China,2.19,V – MATURITY GROUP V,V,Y
173,173A,PI79861,NA ,CCA,NA,,CHI,Ch,China,1.42,VII – MATURITY GROUP VII,VII,Y
174,174A,PI80466,Okuro maru daizu,CCA,NA,,JAP,Ja,Japan,2.27,V – MATURITY GROUP V,V,Y
175,175A,PI81029,Chuseikurome daizu,CCA,NA,,JAP,Ja,Japan,1.4,VI – MATURITY GROUP VI,VI,Y
176,176A,PI81037,Kurakake Daizu,CCA,NA,,JAP,Ja,Japan,1.07,VI – MATURITY GROUP VI,VI,Y
177,177A,PI81040,Cha Mame,CCA,NA,,JAP,Ja,Japan,1.81,I – MATURITY GROUP I,I,Br
178,178A,PI81041,Kuro Daizu,CCA,NA,,JAP,Ja,Japan,2.62,III – MATURITY GROUP III,III,Y
179,179A,PI81785,Chusei Hadaka,CCA,NA,,JAP,Ja,Japan,1.88,III – MATURITY GROUP III,III,Br
180,180A,PI83836,Zakkon,CCA,NA,,ASI,No,North Korea,1.66,V – MATURITY GROUP V,V,Y
181,181A,PI84686,E-19,CCA,NA,,ASI,No,North Korea,2.45,I – MATURITY GROUP I,I,Y
182,182A,PI86069,Datehadakadaizu,CCA,NA,,JAP,Ja,Japan,2.1,II – MATURITY GROUP II,II,Bl
183,183A,PI86084,Nanbu kuro saya,CCA,NA,,JAP,Ja,Japan,1.45,V – MATURITY GROUP V,V,Y
184,184A,PI86114,Hoten Kuroheso,CCA,NA,,JAP,Ja,Japan,2.68,III – MATURITY GROUP III,III,Y
185,185A,PI86123,Selected Oyachi,CCA,NA,,JAP,Ja,Japan,1.87,III – MATURITY GROUP III,III,Y
186,186A,PI86737,Gosha,CCA,NA,,JAP,Ja,Japan,1.61,I – MATURITY GROUP I,I,Y
187,187A,PI88484,Station No. 434-66,CCA,NA,,CHI,Ch,China,2.18,I – MATURITY GROUP I,I,Y
188,188A,PI88783,5906,CCA,NA,,CHI,Ch,China,2.49,III – MATURITY GROUP III,III,Y
189,189A,PI89057,6062,CCA,NA,,CHI,Ch,China,2.21,I – MATURITY GROUP I,I,Y
190,190A,PI89143,Kuromeshoryu,CCA,NA,,ASI,No,North Korea,2.75,III – MATURITY GROUP III,III,Y
191,191A,PI92468,Xapsunchoe Onormnoe,CCA,NA,,EEU,Ru,Russian Federation,2.25,I – MATURITY GROUP I,I,Y
192,192A,PI103415,No. 2,CCA,NA,,CHI,Ch,China,2.4,IV – MATURITY GROUP IV,IV,Y
193,193A,PI153213,B-16,CCA,NA,,WEU,Be,Belgium,1.59,0 – MATURITY GROUP 0,0,Br
194,194A,PI153240,Rouest 250,CCA,NA,,WEU,Fr,France,2.03,0 – MATURITY GROUP 0,0,Y
195,195A,PI153291,Karbine,CCA,NA,,WEU,Fr,France,2.11,I – MATURITY GROUP I,I,Bl
196,196A,PI153306,Rouest 29,CCA,NA,,WEU,Fr,France,2.86,0 – MATURITY GROUP 0,0,Y
197,197A,PI154191,No. 44,CCA,NA,,WEU,Ne,Netherlands,1.05,0 – MATURITY GROUP 0,0,Gn
198,198A,PI154192,No. 45,CCA,NA,,WEU,Ne,Netherlands,1.59,0 – MATURITY GROUP 0,0,Gn
200,200A,PI179935,Bhart,CCA,NA,,ASI,In,India,1.44,VII – MATURITY GROUP VII,VII,Y
201,201A,PI180508,Strain No. 27,CCA,NA,,WEU,Ge,Germany,1.99,00 – MATURITY GROUP 00,0,Y
202,202A,PI180521,Strain No. 142,CCA,NA,,WEU,Ge,Germany,1.53,000 – MATURITY GROUP 000,0,Y
203,203A,PI180525,Strain No. 166,CCA,NA,,WEU,Ge,Germany,2.03,000 – MATURITY GROUP 000,0,Y
204,204A,PI180530,Strain No. 129,CCA,NA,,WEU,Ge,Germany,1.65,0 – MATURITY GROUP 0,0,Y
205,205A,PI180532,Strain No. 1379/47,CCA,NA,,WEU,Ge,Germany,2.09,0 – MATURITY GROUP 0,0,Y
206,206A,PI189893,Grignon 5,CCA,NA,,WEU,Fr,France,2.61,0 – MATURITY GROUP 0,0,Y
207,207A,PI189894,Dippe Fruhe Gelbe,CCA,NA,,WEU,Ge,Germany,1.55,0 – MATURITY GROUP 0,0,Y
208,208A,PI189919,Visuson,CCA,NA,,WEU,Fr,France,1.73,I – MATURITY GROUP I,I,Y
209,209A,PI189923,Dans Ossijek II,CCA,NA,,WEU,Fr,France,2,0 – MATURITY GROUP 0,0,Y
210,210A,PI189932,Rouest 85,CCA,NA,,WEU,Fr,France,1.92,00 – MATURITY GROUP 00,0,Y
211,211A,PI189944,Amourskayachortnaya,CCA,NA,,EEU,Ru,Russian Federation,1.92,0 – MATURITY GROUP 0,0,Bl
212,212A,PI189964,V 3,CCA,NA,,WEU,Fr,France,1.47,0 – MATURITY GROUP 0,0,Gn
213,213A,PI189966,Grignon 22,CCA,NA,,WEU,Fr,France,1.47,I – MATURITY GROUP I,I,G
214,214A,PI194631,699-2-1,CCA,X,Repeat of SBPA,WEU,Sw,Sweden,1,00 – MATURITY GROUP 00,0,Y
215,215A,PI196502,634-20-4-29,CCA,X,Repeat of SBPA,WEU,Sw,Sweden,0.75,000 – MATURITY GROUP 000,0,Y
216,216A,PI196504,706-4-1,CCA,x,Repeat of SBPA,WEU,Sw,Sweden,1.29,000 – MATURITY GROUP 000,0,Y
217,217A,PI198067,Ugra Saja,CCA,X,Repeat of SBPA 207A,WEU,Sw,Sweden,0.77,000 – MATURITY GROUP 000,0,Rbr/Br
218,218A,PI208430,No. 2 Black,CCA,NA,,ASI,Ne,Nepal,0.5,VIII – MATURITY GROUP VIII,VIII,Bl
219,219A,PI227326,Kokuiku No. 44,CCA,NA,,JAP,Ja,Japan,2.15,0 – MATURITY GROUP 0,0,Y
220,220A,PI232998,No. 128/49,CCA,NA,,WEU,Ge,Germany,1.59,000 – MATURITY GROUP 000,0,Y
221,221A,PI257429,Soja-C.-St. 4/58,CCA,NA,,WEU,Ge,Germany,2.11,000 – MATURITY GROUP 000,0,Y
222,222A,PI258386,N. 1954,CCA,NA,,EEU,Po,Poland,2,00 – MATURITY GROUP 00,0,Y
223,223A,PI290143,Reatz,CCA,NA,,EEU,Hu,Hungary,2.52,00 – MATURITY GROUP 00,0,Y
224,224A,PI290154,Harkovskaja 149,CCA,NA,,EEU,Uk,Ukraine,1.88,0 – MATURITY GROUP 0,0,Y
225,225A,PI347545,Kirovogradskaya 4,CCA,NA,,EEU,Uk,Ukraine,2.62,0 – MATURITY GROUP 0,0,Y
226,226A,PI347568,Talijanska Rana,CCA,NA,,EEU,Fo,Former Serbia and Montenegro,2.71,0 – MATURITY GROUP 0,0,Y
227,227A,PI360957,Karafuto No. 1,CCA,NA,Founder?,JAP,Ja,Japan,1.8,00 – MATURITY GROUP 00,0,Y
228,228A,PI361096,Novosadska Br. 9,CCA,NA,,EEU,Se,Serbia,2.83,I – MATURITY GROUP I,I,Bl
229,229A,PI372402,B.G. 23-44 Cluj,CCA,NA,,EEU,Ro,Romania,2.36,0 – MATURITY GROUP 0,0,Y
230,230A,PI372411,Hercumft,CCA,NA,,WEU,Ge,Germany,1.23,000 – MATURITY GROUP 000,0,Y
231,231A,PI384467,Amurskaja 041,CCA,NA,,EEU,Ru,Russian Federation,2.2,00 – MATURITY GROUP 00,0,Y
232,232A,PI416746,A576,CCA,NA,,JAP,Ja,Japan,2,0 – MATURITY GROUP 0,0,Y
233,233A,PI417514,Kabine,CCA,NA,,WEU,Fr,France,2.22,0 – MATURITY GROUP 0,0,Bl
234,234A,PI417541,B31,CCA,NA,,WEU,Ge,Germany,1.47,0 – MATURITY GROUP 0,0,Y
235,235A,PI417550,Amuvskaje,CCA,NA,,EEU,Ru,Russian Federation,2.52,0 – MATURITY GROUP 0,0,Y
236,236A,PI424194,ISZ-II,CCA,NA,,EEU,Hu,Hungary,2.55,0 – MATURITY GROUP 0,0,Y
237,237A,PI424514,KAS 610-8,CCA,NA,,ASI,Ko,Korea South,1.79,V – MATURITY GROUP V,V,Y
238,238A,PI427241,NA,CCA,NA,,ASI,Ne,Nepal,0.08,VI – MATURITY GROUP VI,VI,Bl
239,239A,PI430491,Chi sha,CCA,NA,,CHI,Ch,China,1.68,00 – MATURITY GROUP 00,0,Br
240,240A,PI430536,Hersonskajal,CCA,NA,,EEU,Uk,Ukraine,2.35,0 – MATURITY GROUP 0,0,Y
241,241A,PI437086,DV-88,CCA,NA,,EEU,Ru,Russian Federation,3.44,I – MATURITY GROUP I,I,Y
242,242A,PI437100,DV-0140,CCA,NA,,EEU,Ru,Russian Federation,2.61,0 – MATURITY GROUP 0,0,Y
243,243A,PI437102,DV-0220,CCA,NA,,EEU,Ru,Russian Federation,3.32,I – MATURITY GROUP I,I,Y
244,244A,PI437115,VIR 254,CCA,NA,,EEU,Ru,Russian Federation,2.38,0 – MATURITY GROUP 0,0,Y
245,245A,PI437123,VIR 4575,CCA,NA,,EEU,Ru,Russian Federation,3.32,I – MATURITY GROUP I,I,Y
246,246A,PI437136,Chabarovscaja,CCA,NA,,EEU,Ru,Russian Federation,1.42,00 – MATURITY GROUP 00,0,Br
247,247A,PI437142,DV-2397,CCA,NA,,EEU,Ru,Russian Federation,2.27,I – MATURITY GROUP I,I,Bl
248,248A,PI437171,VIR 4205,CCA,NA,,EEU,Ru,Russian Federation,3.12,I – MATURITY GROUP I,I,Y
249,249A,PI437173,Chernaja Vu 4108,CCA,NA,,EEU,Ru,Russian Federation,1.44,0 – MATURITY GROUP 0,0,G
250,250A,PI437176,Bulduri,CCA,NA,,EEU,La,Latvia,1.49,00 – MATURITY GROUP 00,0,Y
251,251A,PI437204,CSchi 25,CCA,NA,,EEU,Mo,Moldova,1.99,00 – MATURITY GROUP 00,0,Y
252,252A,PI437226,CSchi 678,CCA,NA,,EEU,Mo,Moldova,2.44,00 – MATURITY GROUP 00,0,Y
253,253A,PI437285,VIR 4929,CCA,NA,,EEU,Mo,Moldova,2.04,0 – MATURITY GROUP 0,0,LGr/G
254,254A,PI437287,VIR 4931,CCA,NA,,EEU,Mo,Moldova,2.05,0 – MATURITY GROUP 0,0,Y
255,255A,PI437296,VIR 4944,CCA,NA,,EEU,Mo,Moldova,1.54,0 – MATURITY GROUP 0,0,Y
256,256A,PI437313,Dal'nevostocnaja 370,CCA,NA,,EEU,Ru,Russian Federation,1.6,000 – MATURITY GROUP 000,0,Br
257,257A,PI437332,DV-2371,CCA,NA,,EEU,Ru,Russian Federation,3.04,I – MATURITY GROUP I,I,Br
258,258A,PI437348,Primorscaja 71,CCA,NA,,EEU,Ru,Russian Federation,3.57,I – MATURITY GROUP I,I,Y
259,259A,PI437351,Primorscaja 762,CCA,NA,,EEU,Ru,Russian Federation,2.06,0 – MATURITY GROUP 0,0,Y
260,260A,PI437353,Savicevskaja-7,CCA,NA,,EEU,Ru,Russian Federation,3.63,I – MATURITY GROUP I,I,Y
261,261A,PI437418,Ussurijscaja 516,CCA,NA,,EEU,Ru,Russian Federation,3.65,I – MATURITY GROUP I,I,Y
262,262A,PI437423,Ussurijscaja 538,CCA,NA,,EEU,Ru,Russian Federation,3.52,I – MATURITY GROUP I,I,Y
263,263A,PI437468,Ussurijscaja 686,CCA,NA,,EEU,Ru,Russian Federation,3.11,I – MATURITY GROUP I,I,Y
264,264A,PI437502,VIR 3836,CCA,NA,,EEU,Ru,Russian Federation,2.35,0 – MATURITY GROUP 0,0,Y
265,265A,PI437509,VIR 3890,CCA,NA,,EEU,Ru,Russian Federation,2.93,I – MATURITY GROUP I,I,Gn
266,266A,PI437523,VIR 142,CCA,NA,,ASI,Tu,Turkmenistan,2.23,0 – MATURITY GROUP 0,0,Gnbr/Br 
267,267A,PI437531,Cirovogradscaja l,CCA,NA,,EEU,Uk,Ukraine,2.68,I – MATURITY GROUP I,I,Y
268,268A,PI437545,Terezinscaja 2,CCA,NA,,EEU,Uk,Ukraine,2.25,00 – MATURITY GROUP 00,0,Y
269,269A,PI437552,A-934,CCA,NA,,EEU,Ru,Russian Federation,2.26,0 – MATURITY GROUP 0,0,Y
270,270A,PI437596,Dun-nun 47-IV,CCA,NA,,CHI,Ch,China,1.37,000 – MATURITY GROUP 000,0,Y
271,271A,PI437620,DV-2795,CCA,NA,,CHI,Ch,China,2.02,0 – MATURITY GROUP 0,0,Y
272,272A,PI437660,Gun 246,CCA,NA,,CHI,Ch,China,2.89,0 – MATURITY GROUP 0,0,Y
273,273A,PI437778,VIR 1317,CCA,NA,,CHI,Ch,China,3.29,I – MATURITY GROUP I,I,Bl
274,274A,PI437779,VIR 1318,CCA,NA,,CHI,Ch,China,2.81,I – MATURITY GROUP I,I,Gn
275,275A,PI437785,VIR 1352,CCA,NA,,CHI,Ch,China,3.67,I – MATURITY GROUP I,I,Y
276,276A,PI437786,VIR 1355,CCA,NA,,CHI,Ch,China,3.15,I – MATURITY GROUP I,I,Rbr/Br 
277,277A,PI437815,"An,dunscaja",CCA,NA,,CHI,Ch,China,3.09,I – MATURITY GROUP I,I,Br
278,278A,PI437823,Charbin 344/C,CCA,NA,,CHI,Ch,China,2.87,I – MATURITY GROUP I,I,Y
279,279A,PI437855,DV-2714,CCA,NA,,CHI,Ch,China,3.29,I – MATURITY GROUP I,I,Y
280,280A,PI437858,DV-2792,CCA,NA,,CHI,Ch,China,3.32,I – MATURITY GROUP I,I,Y
281,281A,PI437911,Manczurscaja,CCA,NA,,CHI,Ch,China,2.75,I – MATURITY GROUP I,I,Y
282,282A,PI437922,Shuancnsjanscaja,CCA,NA,,CHI,Ch,China,3.37,I – MATURITY GROUP I,I,Y
283,283A,PI437927,VIR 281,CCA,NA,,CHI,Ch,China,1.99,0 – MATURITY GROUP 0,0,Br
284,284A,PI437928,VIR 315,CCA,NA,,CHI,Ch,China,2.56,I – MATURITY GROUP I,I,Br
285,285A,PI437930,VIR 319,CCA,NA,,CHI,Ch,China,3.54,I – MATURITY GROUP I,I,Y
286,286A,PI437941,VIR 518,CCA,NA,,CHI,Ch,China,2.06,0 – MATURITY GROUP 0,0,Y
287,287A,PI437968,VIR 1445,CCA,NA,,CHI,Ch,China,2.99,I – MATURITY GROUP I,I,Y
288,288A,PI437988,VIR 1624,CCA,NA,,CHI,Ch,China,2.96,I – MATURITY GROUP I,I,Y
289,289A,PI437997,VIR 1681,CCA,NA,,CHI,Ch,China,3.37,I – MATURITY GROUP I,I,Y
290,290A,PI437999,VIR 1711,CCA,NA,,CHI,Ch,China,2.33,0 – MATURITY GROUP 0,0,Y
291,291A,PI438007,VIR 1766,CCA,NA,,CHI,Ch,China,2.93,I – MATURITY GROUP I,I,Y
292,292A,PI438020,VIR 1889,CCA,NA,,CHI,Ch,China,2.16,0 – MATURITY GROUP 0,0,Y
293,293A,PI438044,VIR 2297,CCA,NA,,CHI,Ch,China,2.8,I – MATURITY GROUP I,I,Y
294,294A,PI438065,VIR 2419,CCA,NA,,CHI,Ch,China,2.54,I – MATURITY GROUP I,I,Y
295,295A,PI438122,VIR 2789,CCA,NA,,CHI,Ch,China,3.09,I – MATURITY GROUP I,I,Y
296,296A,PI438143,VIR 2879,CCA,NA,,CHI,Ch,China,2.83,I – MATURITY GROUP I,I,Y
297,297A,PI438147,VIR 2886,CCA,NA,,CHI,Ch,China,3.18,I – MATURITY GROUP I,I,Y
298,298A,PI438169,VIR 4421,CCA,NA,,CHI,Ch,China,3.13,I – MATURITY GROUP I,I,Y
299,299A,PI438172,VIR 4428,CCA,NA,,CHI,Ch,China,3.37,I – MATURITY GROUP I,I,Y
300,300A,PI438180,VIR 4443,CCA,NA,,CHI,Ch,China,3.23,I – MATURITY GROUP I,I,Y
301,301A,PI438191,VIR 4459,CCA,NA,,CHI,Ch,China,3.38,I – MATURITY GROUP I,I,Y
302,302A,PI438195,VIR 4476,CCA,NA,,CHI,Ch,China,3.81,I – MATURITY GROUP I,I,Y
303,303A,PI438220,VIR 4511,CCA,NA,,CHI,Ch,China,3.15,I – MATURITY GROUP I,I,Y
304,304A,PI438255,VIR 4710,CCA,NA,,CHI,Ch,China,3.45,I – MATURITY GROUP I,I,Gn
305,305A,PI438292,VIR 3015,CCA,NA,,JAP,Ja,Japan,3.55,I – MATURITY GROUP I,I,Y
306,306A,PI438316,CNS 89B,CCA,NA,,AFR,Al,Algeria,3.37,I – MATURITY GROUP I,I,Y
307,307A,PI438318,Greenish (grain vert fonce),CCA,NA,,AFR,Al,Algeria,2.47,0 – MATURITY GROUP 0,0,G
308,308A,PI438322,Grignon 21,CCA,NA,,WEU,Fr,France,1.71,00 – MATURITY GROUP 00,0,Y
309,309A,PI438323,Grignon 53-F-3,CCA,NA,,WEU,Fr,France,3.59,I – MATURITY GROUP I,I,Y
310,310A,PI438336,Sao 208,CCA,NA,,AFR,Al,Algeria,2.14,0 – MATURITY GROUP 0,0,Y
311,311A,PI438359,VU-5823,CCA,NA,,EEU,Bu,Bulgaria,1.97,0 – MATURITY GROUP 0,0,Bl
312,312A,PI438379,Dieckmann 18,CCA,NA,,WEU,Ge,Germany,2.41,0 – MATURITY GROUP 0,0,Y
313,313A,PI438390,Grange Neuve,CCA,NA,,WEU,Ge,Germany,1.91,0 – MATURITY GROUP 0,0,Bl
314,314A,PI438395,Balvansca,CCA,NA,,EEU,Hu,Hungary,2.49,0 – MATURITY GROUP 0,0,Y
315,315A,PI438402,GS-3,CCA,NA,,EEU,Hu,Hungary,2.33,0 – MATURITY GROUP 0,0,Y
316,316A,PI438458,Dieckmann,CCA,NA,,EEU,Ro,Romania,2.8,I – MATURITY GROUP I,I,Y
317,317A,PI438473,Fiskeby 827-4-23,CCA,X,Repeat of SBPA,WEU,Sw,Sweden,1.78,00 – MATURITY GROUP 00,0,Y
318,318A,PI438492,Elton,CCA,NA,,USA,US,United States,3.7,I – MATURITY GROUP I,I,Y
319,319A,PI445791,Delitzch Nr. 36,CCA,NA,,WEU,Ge,Germany,2.01,000 – MATURITY GROUP 000,0,Y
320,320A,PI445811,Kirches Stamm 2002,CCA,NA,,WEU,Ge,Germany,2.26,00 – MATURITY GROUP 00,0,Y
321,321A,PI445813,Kirches Stamm 2009,CCA,NA,,WEU,Ge,Germany,1.95,00 – MATURITY GROUP 00,0,Br
322,322A,PI464900,Liao Nong No. 1,CCA,NA,,CHI,Ch,China,2.48,0 – MATURITY GROUP 0,0,Y
323,323A,PI464910,Beijing Hei Dou,CCA,NA,,CHI,Ch,China,2.63,I – MATURITY GROUP I,I,Bl
324,324A,PI464911,Cha Mo Shi Dou,CCA,NA,,CHI,Ch,China,1.7,0 – MATURITY GROUP 0,0,Br
325,325A,PI467313,Da-hei-qi,CCA,NA,,CHI,Ch,China,1.9,0 – MATURITY GROUP 0,0,Y
326,326A,PI467321,Jilin No. 18,CCA,NA,,CHI,Ch,China,2.28,I – MATURITY GROUP I,I,Y
327,327A,PI467336,Tong-nong No. 4,CCA,NA,,CHI,Ch,China,2.41,I – MATURITY GROUP I,I,Y
328,328A,PI467343,Yan-nong No. 2,CCA,NA,,CHI,Ch,China,2.86,I – MATURITY GROUP I,I,Y
329,329A,PI468908,NA ,CCA,NA,,CHI,Ch,China,0.09,000 – MATURITY GROUP 000,0,Bl
330,330A,PI470929,Bravalla,CCA,X,Repeat of SBPA,WEU,Sw,Sweden,1.65,000 – MATURITY GROUP 000,0,G
331,331A,PI475820,NA,CCA,NA,,CHI,Ch,China,1.63,II – MATURITY GROUP II,II,Y
332,332A,PI475821,NA,CCA,NA,,CHI,Ch,China,1.89,0 – MATURITY GROUP 0,0,Y
333,333A,PI479759,Mufu 81-4220,CCA,NA,,CHI,Ch,China,2.7,I – MATURITY GROUP I,I,Y
335,335A,PI494182,Suzuhime,CCA,NA,,JAP,Ja,Japan,1.06,0 – MATURITY GROUP 0,0,Y
336,336A,PI497966,PLSO 55,CCA,NA,,ASI,In,India,1.08,VI – MATURITY GROUP VI,VI,Y
337,337A,PI506700,H 25,CCA,NA,,JAP,Ja,Japan,2.59,I – MATURITY GROUP I,I,Y
338,338A,PI506824,Kairyou Shirome,CCA,NA,,JAP,Ja,Japan,0.63,0 – MATURITY GROUP 0,0,Y
339,339A,PI507472,Tousan Kei NA 17,CCA,NA,,JAP,Ja,Japan,1.13,0 – MATURITY GROUP 0,0,Lgn/Gr 
340,340A,PI507674,Belosnezka,CCA,NA,,EEU,Ru,Russian Federation,1.75,00 – MATURITY GROUP 00,0,Y
341,341A,PI507689,Lumina,CCA,NA,,EEU,Ru,Russian Federation,2.2,00 – MATURITY GROUP 00,0,Y
342,342A,PI507700,Seroglazka,CCA,NA,,EEU,Ru,Russian Federation,1.32,00 – MATURITY GROUP 00,0,Y
343,343A,PI507702,Sputnik,CCA,NA,,EEU,Ru,Russian Federation,1.77,00 – MATURITY GROUP 00,0,Y
344,344A,PI507706,Veselovskaia 1,CCA,NA,,EEU,Ru,Russian Federation,2.56,0 – MATURITY GROUP 0,0,Y
345,345A,PI540739,An tu bai chang lu dou,CCA,NA,,CHI,Ch,China,1.88; 2.32,I – MATURITY GROUP I,I,Gn
346,346A,PI549019,ZYD 3940,CCA,NA,,CHI,Ch,China,0.24,V – MATURITY GROUP V,V,Bl
347,347A,PI561280,No. 133,CCA,NA,,EEU,Ru,Russian Federation,2,00 – MATURITY GROUP 00,0,Br
348,348A,PI567164,He long you tai,CCA,NA,,CHI,Ch,China,1.93,0 – MATURITY GROUP 0,0,Y
349,349A,PI567169,He qi feng di huang,CCA,NA,,CHI,Ch,China,2.98; 1.99,I – MATURITY GROUP I,I,Y
350,350A,PI567173,Hei he 51,CCA,NA,,CHI,Ch,China,2.11,00 – MATURITY GROUP 00,0,Y
351,351A,PI567221,Bystrica 2,CCA,NA,,EEU,Ru,Russian Federation,1.72,0 – MATURITY GROUP 0,0,Y
352,352A,PI567225,Kisinevskaja 90,CCA,NA,,EEU,Mo,Moldova,2.23,0 – MATURITY GROUP 0,0,Y
353,353A,PI567226,Har'kovskaja Zernoukosnaja,CCA,NA,,EEU,Ru,Russian Federation,1.54,00 – MATURITY GROUP 00,0,Ggn/Gr 
354,354A,PI567227,Viktorija,CCA,NA,,EEU,Ru,Russian Federation,2.22,00 – MATURITY GROUP 00,0,Y
355,355A,PI567283,Shirojisi,CCA,NA,,JAP,Ja,Japan,1.18,00 – MATURITY GROUP 00,0,Gn
356,356A,PI578362,Chun hei dou,CCA,NA,,CHI,Ch,China,1.55,I – MATURITY GROUP I,I,Bl
357,357A,PI578373,An da bai mei,CCA,NA,,CHI,Ch,China,1.61,0 – MATURITY GROUP 0,0,Y
358,358A,PI578382,Bai qi xiao jin huang,CCA,NA,,CHI,Ch,China,2.65; 2.28,I – MATURITY GROUP I,I,Y
359,359A,PI578391,Bian da li,CCA,NA,,CHI,Ch,China,1.55,0 – MATURITY GROUP 0,0,Y
360,360A,PI54615-1,No. 55,CCA,NA,,CHI,Ch,China,2.19,III – MATURITY GROUP III,III,Y
361,361A,PI70242-4,8085,CCA,NA,,CHI,Ch,China,1.92,0 – MATURITY GROUP 0,0,Y
362,362A,PI79691-4,NA,CCA,NA,,CHI,Ch,China,1.96,III – MATURITY GROUP III,III,Br
363,363A,PI79825-1,N154,CCA,NA,,CHI,Ch,China,2.35,IV – MATURITY GROUP IV,IV,Y
364,364A,PI80466-2,Okuro Maru Daizu,CCA,NA,,JAP,Ja,Japan,2.09,IV – MATURITY GROUP IV,IV,Y
365,365A,PI80466-1,Okuro Maru Daizu,CCA,NA,,JAP,Ja,Japan,1.24,III – MATURITY GROUP III,III,Y
366,366A,PI81029N,Chuseikurome Daizu,CCA,NA,,JAP,Ja,Japan,2.52,II – MATURITY GROUP II,II,Y
367,367A,PI81029-1,Chuseikurome Daizu,CCA,NA,,JAP,Ja,Japan,2.61,IV – MATURITY GROUP IV,IV,Gn
368,368A,PI81037-5,Kurakake Daizu,CCA,NA,,JAP,Ja,Japan,2.25,IV – MATURITY GROUP IV,IV,Y
369,369A,PI81037-3,Kurakake Daizu,CCA,NA,,JAP,Ja,Japan,1.78,III – MATURITY GROUP III,III,Y
370,370A,PI81037-1,Kurakake Daizu,CCA,NA,,JAP,Ja,Japan,2.53,IV – MATURITY GROUP IV,IV,Y
371,371A,PI81037-2,Kurakake Daizu,CCA,NA,,JAP,Ja,Japan,2.45,III – MATURITY GROUP III,III,Gn
372,372A,PI81037-4,Kurakake Daizu,CCA,NA,,JAP,Ja,Japan,1.88,I – MATURITY GROUP I,I,Y
373,373A,PI81041-1,Kuro Daizu,CCA,NA,,JAP,Ja,Japan,1.86,III – MATURITY GROUP III,III,Rbr/Br
374,374A,PI81042-2,Kurakake Daizu,CCA,NA,,JAP,Ja,Japan,2.21,IV – MATURITY GROUP IV,IV,Gn
375,375A,PI83945-3,Dairyu Tsurunoko,CCA,NA,,ASI,No,North Korea,2.07,I – MATURITY GROUP I,I,Y
376,376A,PI86045S,Kokuonshokuzu,CCA,NA,,JAP,Ja,Japan,1.88,V – MATURITY GROUP V,V,Gn
377,377A,PI86113S,Oyachi senshitsadairyu,CCA,NA,,JAP,Ja,Japan,1.98,V – MATURITY GROUP V,V,Y
378,378A,PI91108N,6563,CCA,NA,,CHI,Ch,China,2.42,III – MATURITY GROUP III,III,Y
379,379A,PI91108-2,6563,CCA,NA,,CHI,Ch,China,2.6,IV – MATURITY GROUP IV,IV,Y
380,380A,PI161431B,Fiskeby II (14-4-3),CCA,X,Repeat of SBPA?,WEU,Sw,Sweden,1.01,000 – MATURITY GROUP 000,0,Y
381,381A,PI291309A,NA,CCA,NA,,CHI,Ch,China,2.75,II – MATURITY GROUP II,II,Y
382,382A,PI291310C,NA,CCA,NA,,CHI,Ch,China,2.55,II – MATURITY GROUP II,II,Y
383,383A,PI323586C,Dobrageana,CCA,NA,,WEU,Po,Portugal,1.95,0 – MATURITY GROUP 0,0,Y
384,384A,PI347552C,Visocostebelnaia,CCA,NA,,EEU,Ru,Russian Federation,3.05,I – MATURITY GROUP I,I,Y
385,385A,PI347552A,Visocostebelnaia,CCA,NA,,EEU,Ru,Russian Federation,2.92,I – MATURITY GROUP I,I,Y
386,386A,PI347559B,Len sin pin din,CCA,NA,,CHI,Ch,China,1.64,0 – MATURITY GROUP 0,0,Y
388,388A,PI358315A,Tokachi shiro,CCA,NA,,JAP,Ja,Japan,3.06,I – MATURITY GROUP I,I,Y
389,389A,PI361059A,Crusulea 9/3,CCA,NA,,EEU,Ru,Russian Federation,2.34,00 – MATURITY GROUP 00,0,Y
390,390A,PI361062A,F. 55-39,CCA,NA,,EEU,Ro,Romania,3.23,I – MATURITY GROUP I,I,Y
391,391A,PI361077A,Harbinskaia 3871,CCA,NA,,CHI,Ch,China,2.31,0 – MATURITY GROUP 0,0,Y
392,392A,PI370057A,VIR 5525,CCA,NA,,EEU,Ru,Russian Federation,1.81,0 – MATURITY GROUP 0,0,Y
393,393A,PI372403C,Caloria,CCA,NA,,WEU,Au,Austria,2.36,0 – MATURITY GROUP 0,0,Y
394,394A,PI372421B,Rastatter Schwartze,CCA,NA,,WEU,Ge,Germany,2.1,0 – MATURITY GROUP 0,0,Y
395,395A,PI378660A,Dobrudzanka elita,CCA,NA,,EEU,Bu,Bulgaria,1.84,0 – MATURITY GROUP 0,0,Y
396,396A,PI378664B,Hersonskaja 2,CCA,NA,,EEU,Uk,Ukraine,2.69,I – MATURITY GROUP I,I,Y
397,397A,PI378669A,VIR 5058,CCA,NA,,CHI,Ch,China,2.34,0 – MATURITY GROUP 0,0,Y
398,398A,PI378670A,Kisinevskaja 1,CCA,NA,,EEU,Mo,Moldova,2.53,I – MATURITY GROUP I,I,Y
399,399A,PI378677C,Primorskaja 508,CCA,NA,,EEU,Ru,Russian Federation,2.28,I – MATURITY GROUP I,I,Y
400,400A,PI415073A,Tie feng 17A,CCA,NA,,CHI,Ch,China,2.75,I – MATURITY GROUP I,I,Y
401,401A,PI417513A,Ikar 111,CCA,NA,,EEU,Ea,Eastern Europe,2.44,0 – MATURITY GROUP 0,0,Y
402,402A,PI424195B,ISZ-3,CCA,NA,,EEU,Hu,Hungary,2.92,I – MATURITY GROUP I,I,Y
403,403A,PI437105C,Gunczulinskaja,CCA,NA,,CHI,Ch,China,3.63,I – MATURITY GROUP I,I,Y
404,404A,PI437110B,VIR 244,CCA,NA,,EEU,Ru,Russian Federation,1.71,IV – MATURITY GROUP IV,IV,Br
405,405A,PI437112A,VIR 249,CCA,NA,,EEU,Ru,Russian Federation,2.4,II – MATURITY GROUP II,II,Y
407,407A,PI437129B,VIR 555,CCA,NA,,EEU,Ru,Russian Federation,2.69,III – MATURITY GROUP III,III,Br
408,408A,PI437129A,VIR 555,CCA,NA,,EEU,Ru,Russian Federation,2.52,II – MATURITY GROUP II,II,Br
409,409A,PI437132B,Gibrid ASS 15,CCA,NA,,EEU,Ka,Kazakhstan,3.15,I – MATURITY GROUP I,I,Y
410,410A,PI437153A,Cubanscaja 33,CCA,NA,,EEU,Ru,Russian Federation,2.51,0 – MATURITY GROUP 0,0,Y
411,411A,PI437156C,Cubanscaja 396,CCA,NA,,EEU,Ru,Russian Federation,3.31,I – MATURITY GROUP I,I,Y
412,412A,PI437165A,Toncostebel'naja 27,CCA,NA,,EEU,Ru,Russian Federation,2.78,I – MATURITY GROUP I,I,Y
413,413A,PI437166A,VNIIMC 8012,CCA,NA,,EEU,Ru,Russian Federation,2.08,0 – MATURITY GROUP 0,0,Y
414,414A,PI437189B,Bel'tscaja 636,CCA,NA,,EEU,Mo,Moldova,2.85,I – MATURITY GROUP I,I,Y
415,415A,PI437211B,CSchi 44,CCA,NA,,EEU,Mo,Moldova,2.17,0 – MATURITY GROUP 0,0,Rbr/Br
416,416A,PI437223A,CSchi 672,CCA,NA,,EEU,Mo,Moldova,2.62,0 – MATURITY GROUP 0,0,Y
417,417A,PI437339A,DV-2996,CCA,NA,,EEU,Ru,Russian Federation,1.98,0 – MATURITY GROUP 0,0,Y
418,418A,PI437344A,L-1088,CCA,NA,,EEU,Ru,Russian Federation,1.87,0 – MATURITY GROUP 0,0,Y
419,419A,PI437381C,Ussurijscaja 434,CCA,NA,,EEU,Ru,Russian Federation,3.51,I – MATURITY GROUP I,I,Y
420,420A,PI437389A,Ussurijscaja 456,CCA,NA,,EEU,Ru,Russian Federation,2.37,0 – MATURITY GROUP 0,0,Y
421,421A,PI437429A,Ussurijscaja 552,CCA,NA,,EEU,Ru,Russian Federation,3.47,I – MATURITY GROUP I,I,Y
422,422A,PI437594A,Dun-haj-sy-tszjao,CCA,NA,,CHI,Ch,China,3.04,I – MATURITY GROUP I,I,Y
423,423A,PI437621A,DV-2796,CCA,NA,,CHI,Ch,China,3.36,I – MATURITY GROUP I,I,Y
424,424A,PI437630C,DV-2810,CCA,NA,,CHI,Ch,China,2.71,I – MATURITY GROUP I,I,Y
425,425A,PI437630B,DV-2810,CCA,NA,,CHI,Ch,China,2.89,I – MATURITY GROUP I,I,Y
426,426A,PI437650A,DV-2832,CCA,NA,,CHI,Ch,China,2.4,0 – MATURITY GROUP 0,0,Y
427,427A,PI437651A,DV-2833,CCA,NA,,CHI,Ch,China,3.2,I – MATURITY GROUP I,I,Y
428,428A,PI437678A,Mantszantszin,CCA,NA,,CHI,Ch,China,3.71,I – MATURITY GROUP I,I,Y
429,429A,PI437685A,Phun-zhun,CCA,NA,,CHI,Ch,China,3.2,I – MATURITY GROUP I,I,Y
430,430A,PI437695A,S-185,CCA,NA,,CHI,Ch,China,2.73,I – MATURITY GROUP I,I,Y
431,431A,PI437721C,Sy-jue-tsin-mao-do,CCA,NA,,CHI,Ch,China,3.35,I – MATURITY GROUP I,I,LGr/Gr
432,432A,PI437756B,VIR 1179,CCA,NA,,CHI,Ch,China,3.16,I – MATURITY GROUP I,I,Y
433,433A,PI437774B,VIR 1293,CCA,NA,,CHI,Ch,China,3.55,I – MATURITY GROUP I,I,Y
434,434A,PI437864A,DV-2842,CCA,NA,,CHI,Ch,China,3.33,I – MATURITY GROUP I,I,Y
435,435A,PI437895C,Elita 745,CCA,NA,,CHI,Ch,China,3.42,I – MATURITY GROUP I,I,Y
436,436A,PI437909A,Huang-tou,CCA,NA,,CHI,Ch,China,3.37,I – MATURITY GROUP I,I,Y
437,437A,PI437910A,Huang-tou,CCA,NA,,CHI,Ch,China,2.27,0 – MATURITY GROUP 0,0,Y
438,438A,PI437915A,Man'gou,CCA,NA,,CHI,Ch,China,2.65,0 – MATURITY GROUP 0,0,Y
439,439A,PI437953B,VIR 1385,CCA,NA,,CHI,Ch,China,2.89,I – MATURITY GROUP I,I,Y
440,440A,PI437991B,VIR 1657,CCA,NA,,CHI,Ch,China,2.23,0 – MATURITY GROUP 0,0,Y
441,441A,PI437995A,VIR 1673,CCA,NA,,CHI,Ch,China,1.99,0 – MATURITY GROUP 0,0,Y
442,442A,PI438004B,VIR 1746,CCA,NA,,CHI,Ch,China,3.3,I – MATURITY GROUP I,I,Bl
443,443A,PI438016C,VIR 1852,CCA,NA,,CHI,Ch,China,2.98,I – MATURITY GROUP I,I,Y
444,444A,PI438027B,VIR 2028,CCA,NA,,CHI,Ch,China,3.55,I – MATURITY GROUP I,I,Y
445,445A,PI438050B,VIR 2324,CCA,NA,,CHI,Ch,China,3.18,I – MATURITY GROUP I,I,Y
446,446A,PI438050A,VIR 2324,CCA,NA,,CHI,Ch,China,1.72,0 – MATURITY GROUP 0,0,Y
447,447A,PI438109A,VIR 2608,CCA,NA,,CHI,Ch,China,1.81,0 – MATURITY GROUP 0,0,Y
448,448A,PI438109B,VIR 2608,CCA,NA,,CHI,Ch,China,3.12,I – MATURITY GROUP I,I,Y
449,449A,PI438123A,VIR 2793,CCA,NA,,CHI,Ch,China,3.14,I – MATURITY GROUP I,I,Y
450,450A,PI438137B,VIR 2873,CCA,NA,,CHI,Ch,China,3.08,I – MATURITY GROUP I,I,Y
451,451A,PI438212B,VIR 4503,CCA,NA,,CHI,Ch,China,3.1,I – MATURITY GROUP I,I,Y
452,452A,PI438233A,VIR 4524,CCA,NA,,CHI,Ch,China,2.39,0 – MATURITY GROUP 0,0,Y
453,453A,PI438250A,VIR 4705,CCA,NA,,CHI,Ch,China,3.12,I – MATURITY GROUP I,I,Bl
454,454A,PI438259A,VIR 4715,CCA,NA,,CHI,Ch,China,3.19,I – MATURITY GROUP I,I,Y
455,455A,PI438271A,VIR 5055,CCA,NA,,CHI,Ch,China,3.33,I – MATURITY GROUP I,I,Y
456,456A,PI438304A,VIR 2962,CCA,NA,,ASI,No,North Korea,2.69,I – MATURITY GROUP I,I,Bl
457,457A,PI438330B,(Ronest 1),CCA,NA,,WEU,Fr,France,2.9,I – MATURITY GROUP I,I,Bl
458,458A,PI438334A,250-207C,CCA,NA,,WEU,Fr,France,2.86,I – MATURITY GROUP I,I,Y
459,459A,PI438340B,Tokio vert,CCA,NA,,WEU,Ge,Germany,3.44,I – MATURITY GROUP I,I,LGr/Gr
460,460A,PI438348B,Bolgarscaja 397,CCA,NA,,EEU,Bu,Bulgaria,1.91,0 – MATURITY GROUP 0,0,Y
461,461A,PI438504A,VIR 24a,CCA,NA,,USA,US,United States,3.3,I – MATURITY GROUP I,I,Bl
462,462A,PI438509A,VIR 202,CCA,NA,,USA,US,United States,3.32,I – MATURITY GROUP I,I,Bl
463,463A,PI445820B,Riede 525,CCA,NA,,WEU,Ge,Germany,2.08,0 – MATURITY GROUP 0,0,Y
464,464A,PI445820A,Riede 525,CCA,NA,,WEU,Ge,Germany,2.19,0 – MATURITY GROUP 0,0,Y
465,465A,PI445824B,Wolfsthaler,CCA,NA,,WEU,Ge,Germany,1.49,000 – MATURITY GROUP 000,0,Y
466,466A,PI445824A,Wolfsthaler,CCA,NA,,WEU,Ge,Germany,1.68,000 – MATURITY GROUP 000,0,Y
467,467A,PI445827B,Boaba neagra,CCA,NA,,EEU,Ro,Romania,1.62,0 – MATURITY GROUP 0,0,Bl
468,468A,PI449458A,Ke 73042,CCA,NA,,CHI,Ch,China,2.23,000 – MATURITY GROUP 000,0,Y
469,469A,PI467308B,Bai-hua-kuan,CCA,NA,,CHI,Ch,China,3.08,I – MATURITY GROUP I,I,Y
470,470A,PI467318A,Fu-shou,CCA,NA,,CHI,Ch,China,2.66,I – MATURITY GROUP I,I,Y
471,471A,PI467323A,Jiu nong 13,CCA,NA,,CHI,Ch,China,2.37,0 – MATURITY GROUP 0,0,Y
472,472A,PI475822A,NA,CCA,NA,,CHI,Ch,China,2.98,I – MATURITY GROUP I,I,Y
473,473A,PI479728A,Liuhedaheidou,CCA,NA,,CHI,Ch,China,2.48,I – MATURITY GROUP I,I,Bl
474,474A,PI507685B,Kirovogradskaja 5,CCA,NA,,EEU,Uk,Ukraine,2.05,0 – MATURITY GROUP 0,0,Y
475,475A,PI507686A,Kisinjevskaja 19,CCA,NA,,EEU,Mo,Moldova,2.72,I – MATURITY GROUP I,I,Y
476,476A,PI512322A,Imeretinskaja,CCA,NA,,EEU,Ge,Georgia,2.02,I – MATURITY GROUP I,I,Y
477,477A,PI518706B,Hei nong 29,CCA,NA,,CHI,Ch,China,2.54,0 – MATURITY GROUP 0,0,Y
478,478A,PI522188B,VNIIMK 3985,CCA,NA,,EEU,Ru,Russian Federation,1.9,0 – MATURITY GROUP 0,0,Y
479,479A,PI549049A,Primorskaja,CCA,NA,,EEU,Ru,Russian Federation,2.46; 2.84,I – MATURITY GROUP I,I,Y
480,480A,PI549051B,Haborovskaja,CCA,NA,,EEU,Ru,Russian Federation,1.7,00 – MATURITY GROUP 00,0,Y
481,481A,PI561282A,Yantarnaya,CCA,NA,,EEU,Ru,Russian Federation,1.46,00 – MATURITY GROUP 00,0,Y
482,482A,PI561318A,Hui nan bai hua xiao hei dou,CCA,NA,,CHI,Ch,China,2.87; 1.97,I – MATURITY GROUP I,I,Bl
483,483A,PI561389B,Okura Natto,CCA,NA,,JAP,Ja,Japan,1.56,0 – MATURITY GROUP 0,0,Y
484,484A,PI342619B,NA,CCA,NA,,EEU,Ru,Russian Federation,0.29,0 – MATURITY GROUP 0; 00 – MATURITY GROUP 00,0,Bl
485,485A,PI549045A,ZYD 3721,CCA,NA,,CHI,Ch,China,0.13,IV – MATURITY GROUP IV,IV,Bl
486,486A,PI549045B,ZYD 3721,CCA,NA,,CHI,Ch,China,0.51,V – MATURITY GROUP V,V,Bl
487,487A,PI567417A,Bai gun dou,CCA,NA,,CHI,Ch,China,1.82,I – MATURITY GROUP I,I,Y
488,488A,PI567417B,Bai gun dou,CCA,NA,,CHI,Ch,China,1.94,I – MATURITY GROUP I,I,Y
489,489A,PI567473A,Yang gun dou,CCA,NA,,CHI,Ch,China,2.17; 2.3,I – MATURITY GROUP I,I,Y
490,490A,PI567473B,Yang gun dou,CCA,NA,,CHI,Ch,China,2.37; 1.78,I – MATURITY GROUP I,I,Y
491,491A,PI567157A,He jiao 11,CCA,NA,,CHI,Ch,China,1.94,0 – MATURITY GROUP 0,0,Y
492,492A,PI567174A,Hei he 54,CCA,NA,,CHI,Ch,China,1.96,00 – MATURITY GROUP 00,0,Y
493,493A,PI567211A,K-001,CCA,NA,,EEU,Ru,Russian Federation,2.3,0 – MATURITY GROUP 0,0,Y
494,494A,PI567213B,Al'tair,CCA,NA,,EEU,Ru,Russian Federation,1.64,00 – MATURITY GROUP 00,0,Y
495,495A,PI567215A,Juzanka,CCA,NA,,EEU,Ru,Russian Federation,1.64,00 – MATURITY GROUP 00,0,Y
496,496A,PI567215C,Juzanka,CCA,NA,,EEU,Ru,Russian Federation,3.09; 1.78,I – MATURITY GROUP I,I,Y
497,497A,PI567229A,Primorskaja 1081,CCA,NA,,EEU,Ru,Russian Federation,2.45; 3.04,I – MATURITY GROUP I,I,Y
498,498A,PI578485A,Sui dao huang,CCA,NA,,CHI,Ch,China,1.29,0 – MATURITY GROUP 0,0,Y
499,499A,PI578375A,Aan tu dang di hei dou,CCA,NA,,CHI,Ch,China,1.69,0 – MATURITY GROUP 0,0,Bl
500,500A,PI578380A,Bai qi,CCA,NA,,CHI,Ch,China,2.07; 2.73,I – MATURITY GROUP I,I,Y
501,501A,PI592931,ZDD 19368,CCA,NA,,CHI,Ch,China,0.73,0 – MATURITY GROUP 0,0,Y
502,502A,PI592960,Dong nong 38,CCA,NA,,CHI,Ch,China,2.42; 2.16,I – MATURITY GROUP I,I,Y
503,503A,PI592970,Jilin 29,CCA,NA,,CHI,Ch,China,1.92; 2.18,I – MATURITY GROUP I,I,Y
504,504A,PI593940,He feng 7791,CCA,NA,,CHI,Ch,China,1.81,0 – MATURITY GROUP 0,0,Y
505,505A,PI593942,He feng 9388,CCA,NA,,CHI,Ch,China,1.72; 1.86,0 – MATURITY GROUP 0,0,Y
506,506A,PI593961,GD 369,CCA,NA,,CHI,Ch,China,2.24; 1.78,I – MATURITY GROUP I,I,Y
507,507A,PI593972,Suzumaru,CCA,NA,,JAP,Ja,Japan,2.27; 2.02,I – MATURITY GROUP I,I,Y
508,508A,PI592900,SY 930168,CCA,NA,,CHI,Ch,China,1.13,I – MATURITY GROUP I,I,Y
509,509A,PI592912A,#24 (YY),CCA,NA,,EEU,Ru,Russian Federation,1.55,I – MATURITY GROUP I,I,Y
510,510A,PI597395,Solnechnaya,CCA,NA,,EEU,Uk,Ukraine,1.93,0 – MATURITY GROUP 0,0,Y
511,511A,PI597422,Hei he 92-1372,CCA,NA,,CHI,Ch,China,1.57,0 – MATURITY GROUP 0,0,Y
512,512A,PI597425,Heng feng No. 9,CCA,NA,,CHI,Ch,China,1.87,0 – MATURITY GROUP 0,0,Y
513,513A,PI597426,Gang 81-128-1,CCA,NA,,CHI,Ch,China,2.25,0 – MATURITY GROUP 0,0,Y
514,514A,PI597435,K90-11,CCA,NA,,CHI,Ch,China,1.58,0 – MATURITY GROUP 0,0,Y
515,515A,PI597436,F8201-205,CCA,NA,,CHI,Ch,China,1.99,I – MATURITY GROUP I,I,Y
516,516A,PI603153,GL 2620 /89,CCA,NA,,ASI,No,North Korea,1.67,0 – MATURITY GROUP 0,0,Y
517,517A,PI603290,Zao shu 18,CCA,NA,,CHI,Ch,China,0.56; 1.23,I – MATURITY GROUP I,I,Y
518,518A,PI603295,ZDD00210,CCA,NA,,CHI,Ch,China,1.45,0 – MATURITY GROUP 0,0,Y
519,519A,PI603299,Bao qing da bai mei,CCA,NA,,CHI,Ch,China,2.27,0 – MATURITY GROUP 0,0,Y
520,520A,PI603317,ZDD06998,CCA,NA,,CHI,Ch,China,0.9,I – MATURITY GROUP I,I,Y
521,521A,PI603341,ZDD00384,CCA,NA,,CHI,Ch,China,2.05; 2.6,I – MATURITY GROUP I,I,Y
522,522A,PI603367,Hong mao,CCA,NA,,CHI,Ch,China,1.98; 1.61,I – MATURITY GROUP I,I,Y
523,523A,PI603373,Cha se dou,CCA,NA,,CHI,Ch,China,1.47; 2.43,I – MATURITY GROUP I,I,Br
524,524A,PI603408,ZDD01288,CCA,NA,,CHI,Ch,China,1.99; 1.02,I – MATURITY GROUP I,I,Gn
525,525A,PI603479,Qing ba yue xian,CCA,NA,,CHI,Ch,China,1.52; 1.73,I – MATURITY GROUP I,I,Gn
526,526A,PI603727,ZDD13159,CCA,NA,,CHI,Ch,China,0.89; 1.71,I – MATURITY GROUP I,I,Bl
527,527A,PI594245A,Okuhara 1-B,CCA,X,Founder?,JAP,Ja,Japan,0.59,00 – MATURITY GROUP 00,0,Y
528,528A,PI597391B,Kievskaya 27,CCA,NA,,EEU,Uk,Ukraine,1.45,00 – MATURITY GROUP 00,0,Y
529,529A,PI597405A,Zaporozhie 46-96,CCA,NA,,EEU,Uk,Ukraine,1.95,0 – MATURITY GROUP 0,0,Y
530,530A,PI612719,Harbin 91-6065,CCA,NA,,CHI,Ch,China,2.19,I – MATURITY GROUP I,I,Y
531,531A,PI612724,Jilin 36,CCA,NA,,CHI,Ch,China,2.76; 2.58,I – MATURITY GROUP I,I,Y
532,532A,PI612726,Jilin 8966-25,CCA,NA,,CHI,Ch,China,2.53; 2.4,I – MATURITY GROUP I,I,Y
533,533A,PI612728,Jilin 8978-6,CCA,NA,,CHI,Ch,China,2.24,0 – MATURITY GROUP 0,0,Y
534,534A,PI612734,Jihei 45,CCA,NA,,CHI,Ch,China,1.5,II – MATURITY GROUP II,II,Bl
535,535A,PI612735,Jiunong 21,CCA,NA,,CHI,Ch,China,2.66; 2.79,I – MATURITY GROUP I,I,Y
536,536A,PI612738,67803,CCA,NA,,CHI,Ch,China,2.7,I – MATURITY GROUP I,I,Y
537,537A,PI612739,67562,CCA,NA,,CHI,Ch,China,1.6,0 – MATURITY GROUP 0,0,Y
538,538A,PI612740,CM048,CCA,NA,,CHI,Ch,China,2.6,0 – MATURITY GROUP 0,0,Y
539,539A,PI612744,89445,CCA,NA,,CHI,Ch,China,2.44; 2.3,I – MATURITY GROUP I,I,Y
540,540A,PI612745,Bonwand,CCA,NA,,CHI,Ch,China,1.68,0 – MATURITY GROUP 0,0,Y
541,541A,PI612754,ZY 645,CCA,NA,,CHI,Ch,China,0.51; 0.15,I – MATURITY GROUP I,I,Y
542,542A,PI612755,ZY 645,CCA,NA,,CHI,Ch,China,0.5,0 – MATURITY GROUP 0,0,Gn
543,543A,PI603339B,An gua dou,CCA,NA,,CHI,Ch,China,2.11; 2.15,I – MATURITY GROUP I,I,Br
544,544A,PI603378A,Yong ji bei jing dou,CCA,NA,,CHI,Ch,China,1.53; 1.52,I – MATURITY GROUP I,I,Y
545,545A,PI603424D,Ben di huang dou,CCA,NA,,CHI,Ch,China,1.2; 2.21,I – MATURITY GROUP I,I,Y
546,546A,PI603438B,Da hei qi,CCA,NA,,CHI,Ch,China,2.4; 1.58,I – MATURITY GROUP I,I,Y
547,547A,PI603443B,Ke qi xiao hei dou,CCA,NA,,CHI,Ch,China,0.86; 1.47,0 – MATURITY GROUP 0,0,Bl
548,548A,PI603444B,ZDD18364,CCA,NA,,CHI,Ch,China,2.68; 0.84,I – MATURITY GROUP I,I,Bl
549,549A,PI603546A,ZDD002263,CCA,NA,,CHI,Ch,China,2.26; 1.3,I – MATURITY GROUP I,I,Bl
550,550A,PI603698G,Dan yang shui bai dou,CCA,NA,,CHI,Ch,China,1.2,00 – MATURITY GROUP 00,0,G
551,551A,PI603698J,Dan yang shui bai dou,CCA,NA,,CHI,Ch,China,1.28,0 – MATURITY GROUP 0,0,Y
552,552A,PI603758C,Liu yue dou,CCA,NA,,CHI,Ch,China,0.87; 1.4,I – MATURITY GROUP I,I,Y
553,553A,PI603440A,Nong yan da bai qi,CCA,NA,,CHI,Ch,China,1.29,0 – MATURITY GROUP 0,0,Y
554,554A,PI603429B,Cha dou,CCA,NA,,CHI,Ch,China,1.97,0 – MATURITY GROUP 0,0,Rbr/Br
555,555A,PI603438A,Da hei qi,CCA,NA,,CHI,Ch,China,2.14; 1.72,I – MATURITY GROUP I,I,Y
556,556A,PI603587A,Hei jin gang,CCA,NA,,CHI,Ch,China,1.63; 2.45,I – MATURITY GROUP I,I,Bl
557,557A,PI612617A,Kapsan,CCA,NA,,ASI,No,North Korea,1.77; 2.51,I – MATURITY GROUP I,I,Y
558,558A,PI612708A,K 89-9081,CCA,NA,,CHI,Ch,China,1.59,0 – MATURITY GROUP 0,0,Y
559,559A,PI612721B,Jilin 33,CCA,NA,,CHI,Ch,China,1.97,0 – MATURITY GROUP 0,0,Y
560,560A,PI612753B,ZY 645,CCA,NA,,CHI,Ch,China,1.25; 0.36,I – MATURITY GROUP I,I,Gn
561,561A,PI605765B,Ninh minh,CCA,NA,,ASI,Vi,Vietnam,1.7,II – MATURITY GROUP II,II,Gnbr/Br
562,562A,PI639527,VIR 140,CCA,NA,,ASI,Uz,Uzbekistan,0.57,I – MATURITY GROUP I,I,Gnbr/Br
563,563A,PI639543,VIR 3715,CCA,NA,,EEU,Ru,Russian Federation,1.3,II – MATURITY GROUP II,II,Gnbr/Br
564,564A,PI639567,VIR 6929,CCA,NA,,EEU,Ru,Russian Federation,1.66,0 – MATURITY GROUP 0,0,Rbr/Br
565,565A,PI639631,ARMAVIRSKAYA 4,CCA,NA,,EEU,Ru,Russian Federation,0.96,0 – MATURITY GROUP 0,0,Y
566,566A,PI639528A,VIR 233,CCA,NA,,EEU,Ru,Russian Federation,1.3,II – MATURITY GROUP II,II,Br
567,567A,PI639550B,KSHI 713,CCA,NA,,EEU,Mo,Moldova,1.14,I – MATURITY GROUP I,I,Rbr/Br
568,568A,PI639550C,KSHI 713,CCA,NA,,EEU,Mo,Moldova,1.14,0 – MATURITY GROUP 0,0,Rbr/Br
569,569A,PI639556A,VIR 5604,CCA,NA,,EEU,Ru,Russian Federation,2.3; 0.84,I – MATURITY GROUP I,I,Y
570,570A,PI639559A,VYTKA 2,CCA,NA,,EEU,Uk,Ukraine,1.14,0 – MATURITY GROUP 0,0,Bl
571,571A,PI639632A,RENTA,CCA,NA,,EEU,Ru,Russian Federation,1.45,I – MATURITY GROUP I,I,Y
572,572A,PI639632B,RENTA,CCA,NA,,EEU,Ru,Russian Federation,1.03,I – MATURITY GROUP I,I,Y
573,573A,PI639633B,GARMONIYA,CCA,NA,,EEU,Ru,Russian Federation,1.2,00 – MATURITY GROUP 00,0,Y